ServiceNo,OverlappingDistance,RidershipDecrease,IntStnDecrease,Cluster
67,0.002022248045582903,0.2846338547485663,0.0025751966192693,3
